File Name,Format,Size
1-01.png,PNG,"(1921, 1199)"
1-02.png,PNG,"(1921, 1199)"
1-03.png,PNG,"(1921, 1199)"
1-04.png,PNG,"(1921, 1199)"
1-05.png,PNG,"(1921, 1199)"
1-06.png,PNG,"(1921, 1199)"
1-07.png,PNG,"(1921, 1199)"
1-08.png,PNG,"(1921, 1199)"
1-09.png,PNG,"(1921, 1199)"
1-10.png,PNG,"(1921, 1198)"
1-11.png,PNG,"(1921, 1199)"
1-12.png,PNG,"(1921, 1199)"
1-13.png,PNG,"(1921, 1199)"
1-14.png,PNG,"(1921, 1199)"
1-15.png,PNG,"(1921, 1199)"
1-16.png,PNG,"(1921, 1199)"
1-17.png,PNG,"(1921, 1199)"
1-18.png,PNG,"(1921, 1199)"
1.jpg,JPEG,"(2480, 3508)"
1.png,PNG,"(2048, 2048)"
12-19.png,PNG,"(1921, 653)"
2.png,PNG,"(2048, 2048)"
3.png,PNG,"(2048, 2048)"
